{
  "project_info": {
    "project_number": "866629356001",
    "firebase_url": "https://capacitacao-ca806-default-rtdb.firebaseio.com",
    "project_id": "capacitacao-ca806",
    "storage_bucket": "capacitacao-ca806.appspot.com"
  },
  "client": [
    {
      "client_info": {
        "mobilesdk_app_id": "1:866629356001:android:b1cc76154d92303815aaa0",
        "android_client_info": {
          "package_name": "com.example.capacitacao"
        }
      },
      "oauth_client": [
        {
          "client_id": "866629356001-df9njiaudrqf3me3rrhq9fnrsrmrunsa.apps.googleusercontent.com",
          "client_type": 1,
          "android_info": {
            "package_name": "com.example.capacitacao",
            "certificate_hash": "4236b9da1dfe638199bd18c3440b851db38de68c"
          }
        },
        {
          "client_id": "866629356001-9oe8qole2dks3au8pdt4i9cvuci37t5j.apps.googleusercontent.com",
          "client_type": 3
        }
      ],
      "api_key": [
        {
          "current_key": "AIzaSyDIDcaC3S7P9hrQb44mu3t49lFEBiqqrxs"
        }
      ],
      "services": {
        "appinvite_service": {
          "other_platform_oauth_client": [
            {
              "client_id": "866629356001-9oe8qole2dks3au8pdt4i9cvuci37t5j.apps.googleusercontent.com",
              "client_type": 3
            }
          ]
        }
      }
    }
  ],
  "configuration_version": "1"
}